<application xmlns="http://xmlns.jcp.org/xml/ns/javaee"
             xmlns:xsi="http://www.w3.org/2001/XMLSchema-instance"
             xsi:schemaLocation="http://xmlns.jcp.org/xml/ns/javaee http://xmlns.jcp.org/xml/ns/javaee/application_7.xsd"
             version="7">
    <display-name>consumer-producer-ear</display-name>
    <module>
        <web>
            <web-uri>consumer-producer-ear.war</web-uri>
            <context-root>/consumer-producer-ear</context-root>
        </web>
    </module>
</application>
